Input,Output,Value
How many rows are there?,"```python
import pandas as pd
row_count = len(dfs[0]) 
result = {""type"": ""number"", ""value"": row_count}
```",0
What is the overall summary of the data?,"```python
import pandas as pd
summary = overall_summary(dfs[0]) 
result = {""type"": ""string"", ""value"": summary}
```",0
What is the number of unique users?,"```python
import pandas as pd
unique_users = dfs[0]['User'].nunique() 
result = {""type"": ""number"", ""value"": unique_users}
```",0
Plot the frequency of events by EventId,"```python
import pandas as pd
import matplotlib.pyplot as plt
plt.figure(figsize=(10, 6)) 
dfs[0]['EventId'].value_counts().plot(kind='bar') 
plt.title('Frequency of Events by EventId') 
plt.xticks(rotation=45, ha='right', fontsize=6) 
plt.savefig(""eventid_frequency.png"") 
result = {""type"": ""plot"", ""value"": ""eventid_frequency.png""}
```",0
What is the most common component?,"```python
import pandas as pd
common_component = dfs[0]['Component'].mode()[0] 
result = {""type"": ""string"", ""value"": f""The most common component is {common_component}.""}
```",0
How many unique EventIds are there?,"```python
import pandas as pd  
unique_event_ids = dfs[0]['EventId'].nunique()  
result = {""type"": ""number"", ""value"": unique_event_ids}
```",0
How many events occurred on 2024-07-03?,"```python
import pandas as pd  
events_on_date = dfs[0][dfs[0]['Datetime'].str.contains('2024-07-03')].shape[0]  
result = {""type"": ""number"", ""value"": events_on_date}
```",0
What is the earliest recorded event?,"```python
import pandas as pd  
earliest_event = dfs[0]['Datetime'].min()  
result = {""type"": ""string"", ""value"": earliest_event}
```",0
What is the latest recorded event?,"```python
import pandas as pd  
latest_event = dfs[0]['Datetime'].max()  
result = {""type"": ""string"", ""value"": latest_event}
```",0
Plot the top 5 components by number of occurrences,"```python
import pandas as pd  
import matplotlib.pyplot as plt  
plt.figure(figsize=(10, 6))  
dfs[0]['Component'].value_counts().head(5).plot(kind='bar')  
plt.title('Top 5 Components by Number of Occurrences')  
plt.xticks(rotation=45, ha='right', fontsize=6)  
plt.savefig(""top_components.png"")  
result = {""type"": ""plot"", ""value"": ""top_components.png""}
```",0
What is the average PID?,"```python
import pandas as pd  
avg_pid = dfs[0]['PID'].mean()  
result = {""type"": ""number"", ""value"": avg_pid}
```",0
How many unique EventTemplates are there?,"```python
import pandas as pd  
unique_event_templates = dfs[0]['EventTemplate'].nunique()  
result = {""type"": ""number"", ""value"": unique_event_templates}
```",0
Plot the top 10 EventTemplates by number of occurrences,"```python
import pandas as pd  
import matplotlib.pyplot as plt  
plt.figure(figsize=(10, 6))  
dfs[0]['EventTemplate'].value_counts().head(10).plot(kind='bar')  
plt.title('Top 10 EventTemplates by Number of Occurrences')  
plt.xticks(rotation=45, ha='right', fontsize=6)  
plt.savefig(""top_event_templates.png"")  
result = {""type"": ""plot"", ""value"": ""top_event_templates.png""}
```",0
How many events contain Apple in the Content field?,"```python
import pandas as pd  
apple_events = dfs[0][dfs[0]['Content'].str.contains('Apple', na=False)].shape[0]  
result = {""type"": ""number"", ""value"": apple_events}
```",0
What percentage of events occurred in 2024?,"```python
import pandas as pd  
total_events = len(dfs[0])  
events_2024 = dfs[0][dfs[0]['Datetime'].str.contains('2024')].shape[0]  
percentage_2024 = (events_2024 / total_events) * 100  
result = {""type"": ""number"", ""value"": percentage_2024}
```",0
What is the most common word in the Content field?,"```python
import pandas as pd  
from collections import Counter  
content_words = ' '.join(dfs[0]['Content'].dropna()).split()  
common_word = Counter(content_words).most_common(1)[0][0]  
result = {""type"": ""string"", ""value"": common_word}
```",0
How many events were logged by kernel?,"```python
import pandas as pd  
kernel_events = dfs[0][dfs[0]['Component'] == 'kernel'].shape[0]  
result = {""type"": ""number"", ""value"": kernel_events}
```",0
What is the most frequent hour of day for events?,"```python
import pandas as pd  
dfs[0]['Hour'] = pd.to_datetime(dfs[0]['Datetime']).dt.hour  
most_frequent_hour = dfs[0]['Hour'].mode()[0]  
result = {""type"": ""number"", ""value"": most_frequent_hour}
```",0
Plot the number of events by hour of the day,"```python
import pandas as pd  
import matplotlib.pyplot as plt  
dfs[0]['Hour'] = pd.to_datetime(dfs[0]['Datetime']).dt.hour  
events_per_hour = dfs[0]['Hour'].value_counts().sort_index()  
plt.figure(figsize=(10, 6))  
events_per_hour.plot(kind='bar')  
plt.title('Number of Events by Hour of the Day')  
plt.xticks(rotation=45, ha='right', fontsize=6)  
plt.savefig(""events_per_hour.png"")  
result = {""type"": ""plot"", ""value"": ""events_per_hour.png""}
```",0
How many events contain an error (EventId starting with E)?,"```python
import pandas as pd  
error_events = dfs[0][dfs[0]['EventId'].str.startswith('E')].shape[0]  
result = {""type"": ""number"", ""value"": error_events}
```",0
Summarize the key statistics of the dataset,"```python
import pandas as pd  
summary = overall_summary(dfs[0])  
result = {""type"": ""string"", ""value"": summary}
```",0
Generate a high-level summary of the data for analysis.,"```python
import pandas as pd  
summary = overall_summary(dfs[0])  
result = {""type"": ""string"", ""value"": summary}
```",0
What are the key highlights from the overall summary of the dataset?,"```python
import pandas as pd  
summary = overall_summary(dfs[0])  
result = {""type"": ""string"", ""value"": summary}
```",0
Identify key anomalies present in the dataset.,"```python
import pandas as pd  
anomalies = overall_anomaly(dfs[0])  
result = {""type"": ""string"", ""value"": anomalies}
```",0
Provide an analysis of the anomalies detected in the dataset.,"```python
import pandas as pd  
anomalies = overall_anomaly(dfs[0])  
result = {""type"": ""string"", ""value"": anomalies}
```",0
What unusual patterns or anomalies can be found in the dataset?,"```python
import pandas as pd  
anomalies = overall_anomaly(dfs[0])  
result = {""type"": ""string"", ""value"": anomalies}
```",0
Summarize the anomalies detected in the dataset.,"```python
import pandas as pd  
anomalies = overall_anomaly(dfs[0])  
result = {""type"": ""string"", ""value"": anomalies}
```",0
What is the total number of events in the dataset?,"```python
import pandas as pd  
total_events = dfs[0].shape[0]  
result = {""type"": ""number"", ""value"": total_events}
```",0
How many events occurred on the most active date?,"```python
import pandas as pd  
dfs[0]['Date'] = pd.to_datetime(dfs[0]['Datetime']).dt.date  
most_active_date = dfs[0]['Date'].value_counts().idxmax()  
events_on_most_active_date = dfs[0][dfs[0]['Date'] == most_active_date].shape[0]  
result = {""type"": ""number"", ""value"": events_on_most_active_date}
```",0
How many events have the word error in the Content column?,"```python
import pandas as pd  
error_events = dfs[0][dfs[0]['Content'].str.contains('error', case=False, na=False)].shape[0]  
result = {""type"": ""number"", ""value"": error_events}
```",0
Identify outliers in the number of occurrences of each User (using Z-score),"```python
import pandas as pd  
from scipy import stats  
user_counts = dfs[0]['User'].value_counts()  
z_scores = stats.zscore(user_counts)  
outliers_user = user_counts[(z_scores > 3) | (z_scores < -3)]  
result = {""type"": ""dataframe"", ""value"": outliers_user}
```",0
Find outliers in the Component column by frequency (using IQR method),"```python
import pandas as pd  
component_counts = dfs[0]['Component'].value_counts()  
Q1 = component_counts.quantile(0.25)  
Q3 = component_counts.quantile(0.75)  
IQR = Q3 - Q1  
outliers_component = component_counts[(component_counts < (Q1 - 1.5 * IQR)) | (component_counts > (Q3 + 1.5 * IQR))]  
result = {""type"": ""dataframe"", ""value"": outliers_component}
```",0
Are there any outliers in the EventId column (based on Z-score),"```python
import pandas as pd  
from scipy import stats  
eventid_counts = dfs[0]['EventId'].value_counts()  
z_scores = stats.zscore(eventid_counts)  
outliers_eventid = eventid_counts[(z_scores > 3) | (z_scores < -3)]  
result = {""type"": ""dataframe"", ""value"": outliers_eventid}
```",0
Find outliers in the frequency of EventTemplate values (using IQR method),"```python
import pandas as pd  
event_template_counts = dfs[0]['EventTemplate'].value_counts()  
Q1 = event_template_counts.quantile(0.25)  
Q3 = event_template_counts.quantile(0.75)  
IQR = Q3 - Q1  
outliers_event_template = event_template_counts[(event_template_counts < (Q1 - 1.5 * IQR)) | (event_template_counts > (Q3 + 1.5 * IQR))]  
result = {""type"": ""dataframe"", ""value"": outliers_event_template}
```",0
What are the top 5 events that occurred within a one-minute interval?,"```python
import pandas as pd 
dfs[0]['Datetime'] = pd.to_datetime(dfs[0]['Datetime'])  
time_series = dfs[0].set_index('Datetime').resample('min').size()  
time_series_df = pd.DataFrame(time_series.nlargest(5)).reset_index()  
time_series_df.columns = [""Datetime"", ""Count""]  
result = {""type"": ""dataframe"", ""value"": time_series_df}
```",0
What are the top 10 events that occurred within a one-minute interval?,"```python
import pandas as pd 
dfs[0]['Datetime'] = pd.to_datetime(dfs[0]['Datetime'])  
time_series = dfs[0].set_index('Datetime').resample('min').size()  
time_series_df = pd.DataFrame(time_series.nlargest(10)).reset_index()  
time_series_df.columns = [""Datetime"", ""Count""]  
result = {""type"": ""dataframe"", ""value"": time_series_df}
```",0
Give me top 10 events that occurred within a ten minute interval?,"```python
import pandas as pd 
dfs[0]['Datetime'] = pd.to_datetime(dfs[0]['Datetime'])  
time_series = dfs[0].set_index('Datetime').resample('10min').size()  
time_series_df = pd.DataFrame(time_series.nlargest(10)).reset_index()  
time_series_df.columns = [""Datetime"", ""Count""]  
result = {""type"": ""dataframe"", ""value"": time_series_df}
```",0
Give me top 5 events that occurred within a ten minute interval?,"```python
import pandas as pd 
dfs[0]['Datetime'] = pd.to_datetime(dfs[0]['Datetime'])  
time_series = dfs[0].set_index('Datetime').resample('10min').size()  
time_series_df = pd.DataFrame(time_series.nlargest(5)).reset_index()  
time_series_df.columns = [""Datetime"", ""Count""]  
result = {""type"": ""dataframe"", ""value"": time_series_df}
```",0
Give me top 3 events that occurred within an hour interval?,"```python
import pandas as pd 
dfs[0]['Datetime'] = pd.to_datetime(dfs[0]['Datetime'])  
time_series = dfs[0].set_index('Datetime').resample('1H').size()  
time_series_df = pd.DataFrame(time_series.nlargest(3)).reset_index()  
time_series_df.columns = [""Datetime"", ""Count""]  
result = {""type"": ""dataframe"", ""value"": time_series_df}
```",0
Give me top 5 events that occurred within an hour interval?,"```python
import pandas as pd 
dfs[0]['Datetime'] = pd.to_datetime(dfs[0]['Datetime'])  
time_series = dfs[0].set_index('Datetime').resample('1H').size()  
time_series_df = pd.DataFrame(time_series.nlargest(5)).reset_index()  
time_series_df.columns = [""Datetime"", ""Count""]  
result = {""type"": ""dataframe"", ""value"": time_series_df}
```",0
Plot the top 5 events that occurred within a 1 minute interval.,"```python
import pandas as pd
import matplotlib.pyplot as plt
dfs[0]['Datetime'] = pd.to_datetime(dfs[0]['Datetime'])
time_series = dfs[0].set_index('Datetime').resample('1T').size()
time_series_df = pd.DataFrame(time_series.nlargest(5)).reset_index()
time_series_df.columns = [""Datetime"", ""Count""]
plt.figure(figsize=(8, 5))
plt.bar(time_series_df['Datetime'].astype(str), time_series_df['Count'])
plt.title('Top 5 1-minute intervals with the highest number of events')
plt.xticks(rotation=45, ha='right', fontsize=6)
plt.ylabel('Event Count')
plt.xlabel('1-minute Interval')
plt.tight_layout()
plt.savefig(""top_5_1-minute_interval.png"")
plt.show()
result = {""type"": ""plot"", ""value"": ""top_5_1-minute_interval.png""}
```",0
Plot the top 5 events that occurred within a 10-minute interval.,"```python
import pandas as pd
import matplotlib.pyplot as plt
dfs[0]['Datetime'] = pd.to_datetime(dfs[0]['Datetime'])
time_series = dfs[0].set_index('Datetime').resample('10T').size()
time_series_df = pd.DataFrame(time_series.nlargest(5)).reset_index()
time_series_df.columns = [""Datetime"", ""Count""]
plt.figure(figsize=(8, 5))
plt.bar(time_series_df['Datetime'].astype(str), time_series_df['Count'])
plt.title('Top 5 10-minute intervals with the highest number of events')
plt.xticks(rotation=45, ha='right', fontsize=6)
plt.ylabel('Event Count')
plt.xlabel('10-minute Interval')
plt.tight_layout()
plt.savefig(""top_5_10-minute_interval.png"")
plt.show()
result = {""type"": ""plot"", ""value"": ""top_5_10-minute_interval.png""}
```",0
What are the top 5 largest PIDs in the dataset?,"```python
import pandas as pd
top_5_pids = dfs[0]['PID'].nlargest(5)
result = {""type"": ""dataframe"", ""value"": top_5_pids}
```",0
What are the top 10 users?,"```python
import pandas as pd
top_10_users = dfs[0]['User'].value_counts().nlargest(10)
result = {""type"": ""dataframe"", ""value"": top_10_users}
```",0
What are the top 5 largest EventIds in terms of occurrences?,"```python
import pandas as pd
top_5_event_ids = dfs[0]['EventId'].value_counts().nlargest(5)
result = {""type"": ""dataframe"", ""value"": top_5_event_ids}
```",0
What are the top 3 largest EventTemplates by frequency?,"```python
import pandas as pd
top_3_event_templates = dfs[0]['EventTemplate'].value_counts().nlargest(3)
result = {""type"": ""dataframe"", ""value"": top_3_event_templates}
```",0
What are the top 5 largest Components by frequency?,"```python
import pandas as pd
top_5_components = dfs[0]['Component'].value_counts().nlargest(5)
result = {""type"": ""dataframe"", ""value"": top_5_components}
```",0
Plot the top 5 users.,"```python
import pandas as pd
import matplotlib.pyplot as plt
top_5_users = dfs[0]['User'].value_counts().nlargest(5)
plt.figure(figsize=(8, 5))
top_5_users.plot(kind='bar')
plt.title('Top 5 Users by Number of Events')
plt.ylabel('Number of Events')
plt.xticks(rotation=45, ha='right', fontsize=6)
plt.tight_layout()
plt.savefig(""top_5_users.png"")
plt.show()
result = {""type"": ""plot"", ""value"": ""top_5_users.png""}
```",0
Plot the top 3 EventIds by frequency.,"```python
import pandas as pd
import matplotlib.pyplot as plt
top_3_event_ids = dfs[0]['EventId'].value_counts().nlargest(3)
plt.figure(figsize=(8, 5))
top_3_event_ids.plot(kind='bar')
plt.title('Top 3 EventIds by Frequency')
plt.ylabel('Frequency')
plt.xticks(rotation=45, ha='right', fontsize=6)
plt.tight_layout()
plt.savefig(""top_3_event_ids.png"")
plt.show()
result = {""type"": ""plot"", ""value"": ""top_3_event_ids.png""}
```",0
Plot the top 10 components by frequency.,"```python
import pandas as pd
import matplotlib.pyplot as plt
top_10_components = dfs[0]['Component'].value_counts().nlargest(10)
plt.figure(figsize=(8, 5))
top_10_components.plot(kind='bar')
plt.title('Top 10 Components by Frequency')
plt.ylabel('Frequency')
plt.xticks(rotation=45, ha='right', fontsize=6)
plt.tight_layout()
plt.savefig(""top_10_components.png"")
plt.show()
result = {""type"": ""plot"", ""value"": ""top_10_components.png""}
```",0
Plot the top 5 EventTemplates by number of occurrences.,"```python
import pandas as pd
import matplotlib.pyplot as plt
top_5_event_templates = dfs[0]['EventTemplate'].value_counts().nlargest(5)
plt.figure(figsize=(8, 5))
top_5_event_templates.plot(kind='bar')
plt.title('Top 5 EventTemplates by Number of Occurrences')
plt.ylabel('Occurrences')
plt.xticks(rotation=45, ha='right', fontsize=6)
plt.tight_layout()
plt.savefig(""top_5_event_templates.png"")
plt.show()
result = {""type"": ""plot"", ""value"": ""top_5_event_templates.png""}
```",0
Plot a time series chart of the number of events per minute.,"```python
import pandas as pd
import matplotlib.pyplot as plt
dfs[0]['Datetime'] = pd.to_datetime(dfs[0]['Datetime'])
time_series = dfs[0].set_index('Datetime').resample('1T').size()
plt.figure(figsize=(10, 6))
time_series.plot()
plt.title('Number of Events per Minute')
plt.ylabel('Event Count')
plt.xlabel('Time')
plt.xticks(rotation=45, ha='right', fontsize=6)
plt.tight_layout()
plt.savefig(""time_series_events_per_minute.png"")
plt.show()
result = {""type"": ""plot"", ""value"": ""time_series_events_per_minute.png""}
```",0
Plot a time series chart of the number of events per hour.,"```python
import pandas as pd
import matplotlib.pyplot as plt
dfs[0]['Datetime'] = pd.to_datetime(dfs[0]['Datetime'])
time_series = dfs[0].set_index('Datetime').resample('1H').size()
plt.figure(figsize=(10, 6))
time_series.plot()
plt.title('Number of Events per Hour')
plt.ylabel('Event Count')
plt.xlabel('Time')
plt.xticks(rotation=45, ha='right', fontsize=6)
plt.tight_layout()
plt.savefig(""time_series_events_per_hour.png"")
plt.show()
result = {""type"": ""plot"", ""value"": ""time_series_events_per_hour.png""}
```",0
Plot a time series chart of the number of events per day.,"```python
import pandas as pd
import matplotlib.pyplot as plt
dfs[0]['Datetime'] = pd.to_datetime(dfs[0]['Datetime'])
time_series = dfs[0].set_index('Datetime').resample('D').size()
plt.figure(figsize=(10, 6))
time_series.plot()
plt.title('Number of Events per Day')
plt.ylabel('Event Count')
plt.xlabel('Date')
plt.xticks(rotation=45, ha='right', fontsize=6)
plt.tight_layout()
plt.savefig(""time_series_events_per_day.png"")
plt.show()
result = {""type"": ""plot"", ""value"": ""time_series_events_per_day.png""}
```",0
Plot a time series chart of the number of events per 10 minutes.,"```python
import pandas as pd
import matplotlib.pyplot as plt
dfs[0]['Datetime'] = pd.to_datetime(dfs[0]['Datetime'])
time_series = dfs[0].set_index('Datetime').resample('10T').size()
plt.figure(figsize=(10, 6))
time_series.plot()
plt.title('Number of Events per 10 Minutes')
plt.ylabel('Event Count')
plt.xlabel('Time')
plt.xticks(rotation=45, ha='right', fontsize=6)
plt.tight_layout()
plt.savefig(""time_series_events_per_10_minutes.png"")
plt.show()
result = {""type"": ""plot"", ""value"": ""time_series_events_per_10_minutes.png""}
```",0
"Filter the dataset for events that occurred on 2024-07-03, only include rows where Component is kernel, and return the filtered dataset.","```python
import pandas as pd
dfs[0]['Datetime'] = pd.to_datetime(dfs[0]['Datetime'])
filtered_df = dfs[0][dfs[0]['Datetime'].dt.date == pd.to_datetime('2024-07-03').date()]
filtered_df = filtered_df[filtered_df['Component'] == 'kernel']
result = {""type"": ""dataframe"", ""value"": filtered_df}
```",0
"Filter the dataset for rows where the ‘EventId’ starts with ‘E2’, only include rows where ‘User’ contains ‘visitor’, and return the filtered dataset.","```python
import pandas as pd
filtered_df = dfs[0][dfs[0]['EventId'].str.startswith('E2')]
filtered_df = filtered_df[filtered_df['User'].str.contains('visitor')]
result = {""type"": ""dataframe"", ""value"": filtered_df}
```",0
"Filter the dataset for rows where the ‘PID’ is greater than 30000, filter for ‘Component’ values that are either ‘networkd’ or ‘com.apple.xpc.launchd’, and return the filtered dataset.","```python
import pandas as pd
filtered_df = dfs[0][dfs[0]['PID'] > 30000]
filtered_df = filtered_df[filtered_df['Component'].isin(['networkd', 'com.apple.xpc.launchd'])]
result = {""type"": ""dataframe"", ""value"": filtered_df}
```",0
"Filter the dataset for rows where ‘Content’ contains the word ‘error’, filter for events that occurred after ‘2024-07-02’, and return the filtered dataset.","```python
import pandas as pd
filtered_df = dfs[0][dfs[0]['Content'].str.contains('error', case=False, na=False)]
dfs[0]['Datetime'] = pd.to_datetime(dfs[0]['Datetime'])
filtered_df = filtered_df[filtered_df['Datetime'] > '2024-07-02']
result = {""type"": ""dataframe"", ""value"": filtered_df}
```",0
Select all rows where the ‘Content’ field includes the term ‘error’ and limit the results to events that happened after 2024-07-03,"```python
import pandas as pd
filtered_df = dfs[0][dfs[0]['Content'].str.contains('error', case=False, na=False)]
dfs[0]['Datetime'] = pd.to_datetime(dfs[0]['Datetime'])
filtered_df = filtered_df[filtered_df['Datetime'] > '2024-07-03']
result = {""type"": ""dataframe"", ""value"": filtered_df}
```",0
Find the row where the EventId is E275 and return the result.,"```python
import pandas as pd
specific_row = dfs[0][dfs[0]['EventId'] == 'E275']
result = {""type"": ""dataframe"", ""value"": specific_row}
```",0
Retrieve the row where the PID is 37682 and return the corresponding record.,"```python
import pandas as pd
specific_row = dfs[0][dfs[0]['PID'] == 37682]
result = {""type"": ""dataframe"", ""value"": specific_row}
```",0
Select the row where the User is calvisitor-10-105-160-22 and return the data,"```python
import pandas as pd
specific_row = dfs[0][dfs[0]['User'] == 'calvisitor-10-105-160-22']
result = {""type"": ""dataframe"", ""value"": specific_row}
```",0
Fetch the row where the Component is kernel and the EventId is ‘E222,"```python
import pandas as pd
specific_row = dfs[0][(dfs[0]['Component'] == 'kernel') & (dfs[0]['EventId'] == 'E222')]
result = {""type"": ""dataframe"", ""value"": specific_row}
```",0
Identify the row where the ‘Datetime’ is ‘2024-07-03 23:29:01’ and return the filtered record.,"```python
import pandas as pd
dfs[0]['Datetime'] = pd.to_datetime(dfs[0]['Datetime'])
specific_row = dfs[0][dfs[0]['Datetime'] == pd.to_datetime('2024-07-03 23:29:01')]
result = {""type"": ""dataframe"", ""value"": specific_row}
```",0
Locate the row where the ‘Content’ contains ‘Cocoa scripting error’ and return that row.,"```python
import pandas as pd
specific_row = dfs[0][dfs[0]['Content'].str.contains('Cocoa scripting error', case=False, na=False)]
result = {""type"": ""dataframe"", ""value"": specific_row}
```",0
Retrieve the row where the Address is [32626] and return the corresponding data.,"```python
import pandas as pd
specific_row = dfs[0][dfs[0]['Address'] == '[32626]']
result = {""type"": ""dataframe"", ""value"": specific_row}
```",0
Find the row where the EventTemplate starts with NSURLSession and return the result,"```python
import pandas as pd
specific_row = dfs[0][dfs[0]['EventTemplate'].str.startswith('NSURLSession')]
result = {""type"": ""dataframe"", ""value"": specific_row}
```",0
Extract the row where the Component is com.apple.xpc.launchd on 2024-07-04,"```python
import pandas as pd
dfs[0]['Datetime'] = pd.to_datetime(dfs[0]['Datetime'])
specific_row = dfs[0][(dfs[0]['Component'] == 'com.apple.xpc.launchd') & 
                      (dfs[0]['Datetime'].dt.date == pd.to_datetime('2024-07-04').date())]
result = {""type"": ""dataframe"", ""value"": specific_row}
```",0
Extract the row where the Content contains Cocoa scripting error on 2024-07-04,"```python
import pandas as pd
dfs[0]['Datetime'] = pd.to_datetime(dfs[0]['Datetime'])
specific_row = dfs[0][(dfs[0]['Content'].str.contains('Cocoa scripting error', case=False, na=False)) & 
                      (dfs[0]['Datetime'].dt.date == pd.to_datetime('2024-07-04').date())]
result = {""type"": ""dataframe"", ""value"": specific_row}
```",0
Give me the row where the User is calvisitor-10-105-163-147 on 2024-07-08,"```python
import pandas as pd
dfs[0]['Datetime'] = pd.to_datetime(dfs[0]['Datetime'])
specific_row = dfs[0][(dfs[0]['User'] == 'calvisitor-10-105-163-147') & 
                      (dfs[0]['Datetime'].dt.date == pd.to_datetime('2024-07-08').date())]
result = {""type"": ""dataframe"", ""value"": specific_row}
```",0
Extract the row where the PID is 32776 on 2024-07-02,"```python
import pandas as pd
dfs[0]['Datetime'] = pd.to_datetime(dfs[0]['Datetime'])
specific_row = dfs[0][(dfs[0]['PID'] == 32776) & 
                      (dfs[0]['Datetime'].dt.date == pd.to_datetime('2024-07-02').date())]
result = {""type"": ""dataframe"", ""value"": specific_row}
```",0
Filter the dataset to include only rows where the PID is greater than 30000 and sort them by Datetime in descending order.,"```python
import pandas as pd
dfs[0]['Datetime'] = pd.to_datetime(dfs[0]['Datetime'])
filtered_df = dfs[0][dfs[0]['PID'] > 30000]
filtered_df = filtered_df.sort_values(by='Datetime', ascending=False)
result = {""type"": ""dataframe"", ""value"": filtered_df}
```",0
Find and drop rows where the ‘Address’ column has missing values and return the cleaned data.,"```python
import pandas as pd
cleaned_df = dfs[0].dropna(subset=['Address'])
result = {""type"": ""dataframe"", ""value"": cleaned_df}
```",0
Group the dataset by Component and count the number of events for each Component,"```python
import pandas as pd
grouped_df = dfs[0].groupby('Component').size().reset_index(name='EventCount')
result = {""type"": ""dataframe"", ""value"": grouped_df}
```",0
Retrieve rows where the Content field contains the word error and count how many rows match this condition.,"```python
import pandas as pd
error_rows = dfs[0][dfs[0]['Content'].str.contains('error', case=False, na=False)]
error_count = len(error_rows)
result = {""type"": ""number"", ""value"": error_count}
```",0
Select the first 10 rows of the dataset and display only the User and EventId columns.,"```python
import pandas as pd
subset_df = dfs[0][['User', 'EventId']].head(10)
result = {""type"": ""dataframe"", ""value"": subset_df}
```",0
Resample the data by hour and calculate the total number of events per hour.,"```python
import pandas as pd
dfs[0]['Datetime'] = pd.to_datetime(dfs[0]['Datetime'])
hourly_events = dfs[0].set_index('Datetime').resample('H').size().reset_index(name='EventCount')
result = {""type"": ""dataframe"", ""value"": hourly_events
```",0
"Filter the dataset for rows where Component is either networkd or com.apple.xpc.launchd, and return the filtered data.","```python
import pandas as pd
filtered_df = dfs[0][dfs[0]['Component'].isin(['networkd', 'com.apple.xpc.launchd'])]
result = {""type"": ""dataframe"", ""value"": filtered_df}
```",0
"Calculate the mean, median, and standard deviation of the ‘PID’ column","```python
import pandas as pd
mean_pid = dfs[0]['PID'].mean()
median_pid = dfs[0]['PID'].median()
std_pid = dfs[0]['PID'].std()
result = {""type"": ""string"", ""value"": f""Mean: {mean_pid}, Median: {median_pid}, Standard Deviation: {std_pid}""}
```",0
Filter the dataset for rows where PID is greater than 35000 and Component is not networkd,"```python
import pandas as pd
filtered_df = dfs[0][(dfs[0]['PID'] > 35000) & (dfs[0]['Component'] != 'networkd')]
result = {""type"": ""dataframe"", ""value"": filtered_df}
```",0
Group the dataset by EventId and calculate the average PID for each EventId.,"```python
import pandas as pd
grouped_df = dfs[0].groupby('EventId')['PID'].mean().reset_index(name='AvgPID')
result = {""type"": ""dataframe"", ""value"": grouped_df}
```",0
Find the first and last event that occurred on ‘2024-07-03,"```python
import pandas as pd
dfs[0]['Datetime'] = pd.to_datetime(dfs[0]['Datetime'])
filtered_df = dfs[0][dfs[0]['Datetime'].dt.date == pd.to_datetime('2024-07-03').date()]
first_event = filtered_df.iloc[0]
last_event = filtered_df.iloc[-1]
result = {""type"": ""dataframe"", ""value"": pd.DataFrame([first_event, last_event])}
```",0
Create a table showing the count of events for each User grouped by Component,"```python
import pandas as pd
table = dfs[0].pivot_table(index='User', columns='Component', aggfunc='size', fill_value=0)
result = {""type"": ""dataframe"", ""value"": table}
```",0
Resample the data by day and calculate the total number of events per day.,"```python
import pandas as pd
dfs[0]['Datetime'] = pd.to_datetime(dfs[0]['Datetime'])
daily_events = dfs[0].set_index('Datetime').resample('D').size().reset_index(name='EventCount')
result = {""type"": ""dataframe"", ""value"": daily_events}
```",0
Filter the dataset for events that occurred between 08:00:00 and 12:00:00 on any day.,"```python
import pandas as pd
dfs[0]['Datetime'] = pd.to_datetime(dfs[0]['Datetime'])
filtered_df = dfs[0][(dfs[0]['Datetime'].dt.time >= pd.to_datetime('08:00:00').time()) & 
                      (dfs[0]['Datetime'].dt.time <= pd.to_datetime('12:00:00').time())]
result = {""type"": ""dataframe"", ""value"": filtered_df}
```",0
Filter the dataset for events that occurred between 2024-07-01 and 2024-07-05,"```python
import pandas as pd
dfs[0]['Datetime'] = pd.to_datetime(dfs[0]['Datetime'])
filtered_df = dfs[0][(dfs[0]['Datetime'].dt.date >= pd.to_datetime('2024-07-01').date()) & 
                     (dfs[0]['Datetime'].dt.date <= pd.to_datetime('2024-07-05').date())]
result = {""type"": ""dataframe"", ""value"": filtered_df}
```",0
Give me the rows that occurred between 09:00:00 and 12:00:00 on 2024-07-05,"```python
import pandas as pd
dfs[0]['Datetime'] = pd.to_datetime(dfs[0]['Datetime'])
filtered_df = dfs[0][(dfs[0]['Datetime'].dt.date == pd.to_datetime('2024-07-05').date()) & 
                     (dfs[0]['Datetime'].dt.time >= pd.to_datetime('09:00:00').time()) & 
                     (dfs[0]['Datetime'].dt.time <= pd.to_datetime('12:00:00').time())]
result = {""type"": ""dataframe"", ""value"": filtered_df}
```",0
Give me the rows that occurred between 14:00:00 and 16:30:00 across 2024-07-04 and 2024-07-05,"```python
import pandas as pd
dfs[0]['Datetime'] = pd.to_datetime(dfs[0]['Datetime'])
filtered_df = dfs[0][(dfs[0]['Datetime'].dt.date >= pd.to_datetime('2024-07-04').date()) & 
                     (dfs[0]['Datetime'].dt.date <= pd.to_datetime('2024-07-05').date()) & 
                     (dfs[0]['Datetime'].dt.time >= pd.to_datetime('14:00:00').time()) & 
                     (dfs[0]['Datetime'].dt.time <= pd.to_datetime('16:30:00').time())]
result = {""type"": ""dataframe"", ""value"": filtered_df}
```",0
Filter for events that occurred between 10:00:00 and 17:00:00 across 2024-07-03 to 2024-07-05,"```python
import pandas as pd
dfs[0]['Datetime'] = pd.to_datetime(dfs[0]['Datetime'])
filtered_df = dfs[0][(dfs[0]['Datetime'].dt.date >= pd.to_datetime('2024-07-03').date()) & 
                     (dfs[0]['Datetime'].dt.date <= pd.to_datetime('2024-07-05').date()) & 
                     (dfs[0]['Datetime'].dt.time >= pd.to_datetime('10:00:00').time()) & 
                     (dfs[0]['Datetime'].dt.time <= pd.to_datetime('17:00:00').time())]
result = {""type"": ""dataframe"", ""value"": filtered_df}
```",0
Give me all the column in the data,"```python
import pandas as pd
headers = dfs[0].columns.tolist()
headers_string = ', '.join(headers)
result = {""type"": ""string"", ""value"": headers_string}
```",0
How many rows contain the word error in the Content column?,"```python
import pandas as pd
error_count = dfs[0]['Content'].str.contains('error', case=False, na=False).sum()
result = {""type"": ""number"", ""value"": error_count}
```",0
How many rows have non-null values in the Address column?,"```python
import pandas as pd
non_null_address_count = dfs[0]['Address'].notnull().sum()
result = {""type"": ""number"", ""value"": non_null_address_count}
```",0
Retrieve all rows that have no null values in the Address column.,"```python
import pandas as pd
non_null_address_rows = dfs[0][dfs[0]['Address'].notnull()]
result = {""type"": ""dataframe"", ""value"": non_null_address_rows}
```",0
Perform a correlation analysis between numerical columns in the dataset.,"```python
import pandas as pd
dfs[0]['Datetime'] = pd.to_datetime(dfs[0]['Datetime'])
numeric_df = dfs[0].select_dtypes(include=['float64', 'int64'])
correlation_matrix = numeric_df.corr()
result = {""type"": ""dataframe"", ""value"": correlation_matrix}
```",0
Convert non-numeric columns User and Component to numerical data using one-hot encoding and calculate the correlation.,"```python
import pandas as pd
encoded_df = pd.get_dummies(dfs[0][['User', 'Component']])
correlation_matrix = encoded_df.corr()
result = {""type"": ""dataframe"", ""value"": correlation_matrix}
```",0
"Convert non-numeric columns User, Component, and EventTemplate to numerical data using one-hot encoding and calculate the correlation.","```python
import pandas as pd
encoded_df = pd.get_dummies(dfs[0][['User', 'Component', 'EventTemplate']])
correlation_matrix = encoded_df.corr()
result = {""type"": ""dataframe"", ""value"": correlation_matrix}
```",0
"Get the top 10 correlations from the one-hot encoded columns of User, Component, and EventTemplate.","```python
import pandas as pd
encoded_df = pd.get_dummies(dfs[0][['User', 'Component', 'EventTemplate']])
correlation_matrix = encoded_df.corr()
correlation_series = correlation_matrix.unstack().sort_values(ascending=False).drop_duplicates()
correlation_series = correlation_series[correlation_series < 1]
top_10_correlations = correlation_series.head(10)
top_10_correlations_df = pd.DataFrame(top_10_correlations).reset_index()
top_10_correlations_df.columns = ['Column 1', 'Column 2', 'Correlation']
result = {""type"": ""dataframe"", ""value"": top_10_correlations_df}
```",0
Get the top 3 correlations from the numerical columns in the dataset.,"```python
import pandas as pd
numerical_df = dfs[0].select_dtypes(include=['float64', 'int64'])
correlation_matrix = numerical_df.corr()
correlation_series = correlation_matrix.unstack().sort_values(ascending=False).drop_duplicates()
correlation_series = correlation_series[correlation_series < 1]
top_3_correlations = correlation_series.head(3)
top_3_correlations_df = pd.DataFrame(top_3_correlations).reset_index()
top_3_correlations_df.columns = ['Column 1', 'Column 2', 'Correlation']
result = {""type"": ""dataframe"", ""value"": top_3_correlations_df}
```",0
Plot a heatmap of all the numerical variables in the dataset.,"```python
import matplotlib.pyplot as plt
import seaborn as sns
numerical_df = dfs[0].select_dtypes(include=['float64', 'int64'])
correlation_matrix = numerical_df.corr()
plt.figure(figsize=(10, 8))
sns.heatmap(correlation_matrix, annot=True, cmap='coolwarm', fmt="".2f"", linewidths=0.5)
plt.title('Correlation Heatmap of Numerical Variables', fontsize=14)
plt.xticks(rotation=45, ha='right')
plt.yticks(rotation=0)
plt.tight_layout()
plt.savefig(""numerical_correlation_heatmap.png"")
result = {""type"": ""plot"", ""value"": ""numerical_correlation_heatmap.png""}
```",0
Plot a heatmap of all the variables in the dataset.,"```python
import matplotlib.pyplot as plt
import seaborn as sns
import pandas as pd
encoded_df = pd.get_dummies(dfs[0], drop_first=True)
correlation_matrix = encoded_df.corr()
plt.figure(figsize=(12, 10))  # Adjust the figure size based on the number of variables
sns.heatmap(correlation_matrix, annot=False, cmap='coolwarm', fmt="".2f"", linewidths=0.5)
plt.title('Correlation Heatmap of All Variables', fontsize=14)
plt.xticks(rotation=45, ha='right')
plt.yticks(rotation=0)
plt.tight_layout()
plt.savefig(""all_variables_correlation_heatmap.png"")
result = {""type"": ""plot"", ""value"": ""all_variables_correlation_heatmap.png""}
```",0
Find events that occurred between 15:30:00 and 18:00:00 on 2024-07-06.,"```python
import pandas as pd
dfs[0]['Datetime'] = pd.to_datetime(dfs[0]['Datetime'])
filtered_df = dfs[0][(dfs[0]['Datetime'].dt.date == pd.to_datetime('2024-07-06').date()) & 
                     (dfs[0]['Datetime'].dt.time >= pd.to_datetime('15:30:00').time()) & 
                     (dfs[0]['Datetime'].dt.time <= pd.to_datetime('18:00:00').time())]
result = {""type"": ""dataframe"", ""value"": filtered_df}
```",0
What is the total revenue for each product?,"```python
import matplotlib.pyplot as plt
dfs[0]['Revenue'] = dfs[0]['Price'] * dfs[0]['Quantity']
product_revenue = dfs[0].groupby('ProductNo')['Revenue'].sum().sort_values(ascending=False)
plt.figure(figsize=(10, 6))
product_revenue.plot(kind='bar')
plt.title('Total Revenue by Product')
plt.xticks(rotation=45, ha='right', fontsize=6)
plt.savefig('product_revenue.png')
result = {'type': 'plot', 'value': 'product_revenue.png'}
```",1
How many unique customers are there in the dataset?,"```python
unique_customers = dfs[0]['CustomerNo'].nunique()
result = {'type': 'number', 'value': unique_customers}
```",1
What is the average sales price for each product?,"```python
average_price = dfs[0].groupby('ProductNo')['Price'].mean().sort_values(ascending=False)
result = {'type': 'dataframe', 'value': average_price}
```",1
Which country has the highest total revenue?,"```python
dfs[0]['Revenue'] = dfs[0]['Price'] * dfs[0]['Quantity']
country_revenue = dfs[0].groupby('Country')['Revenue'].sum().sort_values(ascending=False).head(1)
result = {'type': 'dataframe', 'value': country_revenue}
```",1
Plot the top 5 countries by total sales value.,"```python
import matplotlib.pyplot as plt
dfs[0]['Revenue'] = dfs[0]['Price'] * dfs[0]['Quantity']
country_revenue = dfs[0].groupby('Country')['Revenue'].sum().sort_values(ascending=False).head(5)
plt.figure(figsize=(10, 6))
country_revenue.plot(kind='bar')
plt.title('Top 5 Countries by Total Sales Value')
plt.xticks(rotation=45, ha='right', fontsize=6)
plt.savefig('top_countries.png')
result = {'type': 'plot', 'value': 'top_countries.png'}
```",1
What is the total quantity sold for each product?,"```python
total_quantity = dfs[0].groupby('ProductNo')['Quantity'].sum().sort_values(ascending=False)
result = {'type': 'dataframe', 'value': total_quantity}
```",1
"How many transactions took place on a specific date (e.g., 12/9/2019)?","```python
dfs[0]['Date'] = pd.to_datetime(dfs[0]['Date'], format='%m/%d/%Y')
date_transactions = dfs[0][dfs[0]['Date'] == '2019-12-09']['TransactionNo'].nunique()
result = {'type': 'number', 'value': date_transactions}
```",1
Which product was sold the most (by quantity)?,"```python
most_sold_product = dfs[0].groupby('ProductNo')['Quantity'].sum().sort_values(ascending=False).head(1)
result = {'type': 'dataframe', 'value': most_sold_product}
```",1
What is the total revenue for each customer?,"```python
dfs[0]['Revenue'] = dfs[0]['Price'] * dfs[0]['Quantity']
customer_revenue = dfs[0].groupby('CustomerNo')['Revenue'].sum().sort_values(ascending=False)
result = {'type': 'dataframe', 'value': customer_revenue}
```",1
Plot the top 5 products by total sales value.,"```python
import matplotlib.pyplot as plt
dfs[0]['Revenue'] = dfs[0]['Price'] * dfs[0]['Quantity']
product_revenue = dfs[0].groupby('ProductNo')['Revenue'].sum().sort_values(ascending=False).head(5)
plt.figure(figsize=(10, 6))
product_revenue.plot(kind='bar')
plt.title('Top 5 Products by Sales Value')
plt.xticks(rotation=45, ha='right', fontsize=6)
plt.savefig('top_products.png')
result = {'type': 'plot', 'value': 'top_products.png'}
```",1
What is the total number of products sold?,"```python
total_products_sold = dfs[0]['Quantity'].sum()
result = {'type': 'number', 'value': total_products_sold}
```",1
What is the total revenue by product for a specific country?,"```python
dfs[0]['Revenue'] = dfs[0]['Price'] * dfs[0]['Quantity']
country_product_revenue = dfs[0].groupby(['Country', 'ProductNo'])['Revenue'].sum().sort_values(ascending=False)
result = {'type': 'dataframe', 'value': country_product_revenue}
```",1
How many transactions did customer 13069 make?,"```python
customer_transactions = dfs[0][dfs[0]['CustomerNo'] == 13069]['TransactionNo'].nunique()
result = {'type': 'number', 'value': customer_transactions}
```",1
Which day of the week has the highest sales?,"```python
dfs[0]['Date'] = pd.to_datetime(dfs[0]['Date'], format='%m/%d/%Y')
dfs[0]['Revenue'] = dfs[0]['Price'] * dfs[0]['Quantity']
day_of_week_sales = dfs[0].groupby(dfs[0]['Date'].dt.day_name())['Revenue'].sum().sort_values(ascending=False).head(1)
result = {'type': 'dataframe', 'value': day_of_week_sales}
```",1
What is the total revenue from transactions made in December?,"```python
dfs[0]['Date'] = pd.to_datetime(dfs[0]['Date'], format='%m/%d/%Y')
dfs[0]['Revenue'] = dfs[0]['Price'] * dfs[0]['Quantity']
december_revenue = dfs[0][dfs[0]['Date'].dt.month == 12]['Revenue'].sum()
result = {'type': 'number', 'value': december_revenue}
```",1
What is the total quantity of products sold per customer?,"```python
quantity_per_customer = dfs[0].groupby('CustomerNo')['Quantity'].sum().sort_values(ascending=False)
result = {'type': 'dataframe', 'value': quantity_per_customer}
```",1
Plot the number of transactions over time.,"```python
import matplotlib.pyplot as plt
dfs[0]['Date'] = pd.to_datetime(dfs[0]['Date'], format='%m/%d/%Y')
transactions_over_time = dfs[0].groupby(dfs[0]['Date'].dt.date)['TransactionNo'].nunique()
plt.figure(figsize=(10, 6))
transactions_over_time.plot(kind='line')
plt.title('Number of Transactions Over Time')
plt.xticks(rotation=45, ha='right', fontsize=6)
plt.savefig('transactions_over_time.png')
result = {'type': 'plot', 'value': 'transactions_over_time.png'}
```",1
Which customer made the highest number of purchases?,"```python
top_customer_by_purchases = dfs[0].groupby('CustomerNo')['TransactionNo'].nunique().sort_values(ascending=False).head(1)
result = {'type': 'dataframe', 'value': top_customer_by_purchases}
```",1
How many transactions occurred in each year?,"```python
dfs[0]['Date'] = pd.to_datetime(dfs[0]['Date'], format='%m/%d/%Y')
transactions_by_year = dfs[0]['Date'].dt.year.value_counts().sort_index()
result = {'type': 'dataframe', 'value': transactions_by_year}
```",1
What is the average price per product sold?,"```python
avg_price_per_product = dfs[0].groupby('ProductNo')['Price'].mean().sort_values(ascending=False)
result = {'type': 'dataframe', 'value': avg_price_per_product}
```",1
Which customer has the highest total purchase value?,"```python
dfs[0]['Revenue'] = dfs[0]['Price'] * dfs[0]['Quantity']
highest_purchasing_customer = dfs[0].groupby('CustomerNo')['Revenue'].sum().sort_values(ascending=False).head(1)
result = {'type': 'dataframe', 'value': highest_purchasing_customer}
```",1
What is the total number of transactions by country?,"```python
transactions_by_country = dfs[0].groupby('Country')['TransactionNo'].nunique().sort_values(ascending=False)
result = {'type': 'dataframe', 'value': transactions_by_country}
```",1
What is the average revenue per transaction?,"```python
dfs[0]['Revenue'] = dfs[0]['Price'] * dfs[0]['Quantity']
avg_revenue_per_transaction = dfs[0].groupby('TransactionNo')['Revenue'].mean()
result = {'type': 'dataframe', 'value': avg_revenue_per_transaction}
```",1
Which day of the week has the highest number of transactions?,"```python
dfs[0]['Date'] = pd.to_datetime(dfs[0]['Date'], format='%m/%d/%Y')
transactions_by_day_of_week = dfs[0].groupby(dfs[0]['Date'].dt.day_name())['TransactionNo'].nunique().sort_values(ascending=False).head(1)
result = {'type': 'dataframe', 'value': transactions_by_day_of_week}
```",1
What is the total revenue by product in 2020?,"```python
dfs[0]['Revenue'] = dfs[0]['Price'] * dfs[0]['Quantity']
dfs[0]['Date'] = pd.to_datetime(dfs[0]['Date'], format='%m/%d/%Y')
revenue_2020 = dfs[0][dfs[0]['Date'].dt.year == 2020].groupby('ProductNo')['Revenue'].sum()
result = {'type': 'dataframe', 'value': revenue_2020}
```",1
How many products were sold in 2020?,"```python
dfs[0]['Date'] = pd.to_datetime(dfs[0]['Date'], format='%m/%d/%Y')
products_sold_2020 = dfs[0][dfs[0]['Date'].dt.year == 2020]['Quantity'].sum()
result = {'type': 'number', 'value': products_sold_2020}
```",1
What is the highest revenue generated in a single transaction?,"```python
highest_transaction_revenue = dfs[0].groupby('TransactionNo')['Revenue'].sum().max()
result = {'type': 'number', 'value': highest_transaction_revenue}
```",1
What is the average quantity of products sold per customer?,"```python
avg_quantity_per_customer = dfs[0].groupby('CustomerNo')['Quantity'].mean().sort_values(ascending=False)
result = {'type': 'dataframe', 'value': avg_quantity_per_customer}
```",1
Plot the total revenue by month in 2021.,"```python
import matplotlib.pyplot as plt
dfs[0]['Revenue'] = dfs[0]['Price'] * dfs[0]['Quantity']
dfs[0]['Date'] = pd.to_datetime(dfs[0]['Date'], format='%m/%d/%Y')
revenue_by_month = dfs[0][dfs[0]['Date'].dt.year == 2021].groupby(dfs[0]['Date'].dt.month)['Revenue'].sum()
plt.figure(figsize=(10, 6))
revenue_by_month.plot(kind='line')
plt.title('Total Revenue by Month in 2021')
plt.xticks(rotation=45, ha='right', fontsize=6)
plt.savefig('revenue_by_month_2021.png')
result = {'type': 'plot', 'value': 'revenue_by_month_2021.png'}
```",1
Which country has the most unique products sold?,"```python
unique_products_by_country = dfs[0].groupby('Country')['ProductNo'].nunique().sort_values(ascending=False).head(1)
result = {'type': 'dataframe', 'value': unique_products_by_country}
```",1
How many unique customers made purchases each quarter?,"```python
dfs[0]['Date'] = pd.to_datetime(dfs[0]['Date'], format='%m/%d/%Y')
customers_per_quarter = dfs[0].groupby(dfs[0]['Date'].dt.to_period('Q'))['CustomerNo'].nunique()
result = {'type': 'dataframe', 'value': customers_per_quarter}
```",1
What is the total revenue generated in each quarter?,"```python
dfs[0]['Revenue'] = dfs[0]['Price'] * dfs[0]['Quantity']
revenue_per_quarter = dfs[0].resample('Q', on='Date')['Revenue'].sum()
result = {'type': 'dataframe', 'value': revenue_per_quarter}
```",1
Which product generated the highest revenue?,"```python
dfs[0]['Revenue'] = dfs[0]['Price'] * dfs[0]['Quantity']
highest_revenue_product = dfs[0].groupby('ProductNo')['Revenue'].sum().sort_values(ascending=False).head(1)
result = {'type': 'dataframe', 'value': highest_revenue_product}
```",1
What is the most common price of products sold?,"```python
common_product_price = dfs[0]['Price'].mode().iloc[0]
result = {'type': 'number', 'value': common_product_price}
```",1
How many products were sold each month in 2021?,"```python
products_sold_by_month = dfs[0].groupby(dfs[0]['Date'].dt.month)['Quantity'].sum().sort_values(ascending=False)
result = {'type': 'dataframe', 'value': products_sold_by_month}
```",1
What is the total revenue generated on weekends?,"```python
dfs[0]['Revenue'] = dfs[0]['Price'] * dfs[0]['Quantity']
weekend_revenue = dfs[0][dfs[0]['Date'].dt.weekday >= 5]['Revenue'].sum()
result = {'type': 'number', 'value': weekend_revenue}
```",1
What percentage of total sales came from the top 10 customers?,"```python
dfs[0]['Revenue'] = dfs[0]['Price'] * dfs[0]['Quantity']
top_10_customers_revenue = dfs[0].groupby('CustomerNo')['Revenue'].sum().sort_values(ascending=False).head(10).sum()
total_revenue = dfs[0]['Revenue'].sum()
percentage_top_10 = (top_10_customers_revenue / total_revenue) * 100
result = {'type': 'number', 'value': percentage_top_10}
```",1
How many transactions occurred in each month?,"```python
transactions_by_month = dfs[0].groupby(dfs[0]['Date'].dt.month)['TransactionNo'].nunique().sort_values(ascending=False)
result = {'type': 'dataframe', 'value': transactions_by_month}
```",1
Plot the total number of products sold by each country.,"```python
import matplotlib.pyplot as plt
products_sold_by_country = dfs[0].groupby('Country')['Quantity'].sum().sort_values(ascending=False)
plt.figure(figsize=(10, 6))
products_sold_by_country.plot(kind='bar')
plt.title('Total Products Sold by Country')
plt.xticks(rotation=45, ha='right', fontsize=6)
plt.savefig('products_sold_by_country.png')
result = {'type': 'plot', 'value': 'products_sold_by_country.png'}
```",1
What is the median price of products sold?,"```python
median_price = dfs[0]['Price'].median()
result = {'type': 'number', 'value': median_price}
```",1
What is the total number of unique products sold in 2021?,"```python
products_sold_2021 = dfs[0][dfs[0]['Date'].dt.year == 2021]['ProductNo'].nunique()
result = {'type': 'number', 'value': products_sold_2021}
```",1
How many transactions occurred during the first quarter of 2021?,"```python
transactions_q1_2021 = dfs[0][(dfs[0]['Date'].dt.year == 2021) & (dfs[0]['Date'].dt.quarter == 1)]['TransactionNo'].nunique()
result = {'type': 'number', 'value': transactions_q1_2021}
```",1
What is the total revenue generated by each customer?,"```python
customer_revenue = dfs[0].groupby('CustomerNo')['Revenue'].sum().sort_values(ascending=False)
result = {'type': 'dataframe', 'value': customer_revenue}
```",1
Which product had the lowest total sales in 2020?,"```python
dfs[0]['Revenue'] = dfs[0]['Price'] * dfs[0]['Quantity']
lowest_sales_product_2020 = dfs[0][dfs[0]['Date'].dt.year == 2020].groupby('ProductNo')['Revenue'].sum().sort_values(ascending=True).head(1)
result = {'type': 'dataframe', 'value': lowest_sales_product_2020}
```",1
What is the average price of products sold in 2021?,"```python
average_price_2021 = dfs[0][dfs[0]['Date'].dt.year == 2021]['Price'].mean()
result = {'type': 'number', 'value': average_price_2021}
```",1
What is the total revenue for each product?,"```python
dfs[0]['Revenue'] = dfs[0]['Price'] * dfs[0]['Quantity']
revenue_per_product = dfs[0].groupby('ProductNo')['Revenue'].sum().sort_values(ascending=False)
result = {'type': 'dataframe', 'value': revenue_per_product}
```",1
How many transactions occurred each day in 2021?,"```python
transactions_per_day_2021 = dfs[0][dfs[0]['Date'].dt.year == 2021].groupby(dfs[0]['Date'].dt.date)['TransactionNo'].nunique()
result = {'type': 'dataframe', 'value': transactions_per_day_2021}
```",1
Which customer had the most transactions in 2021?,"```python
most_transactions_customer_2021 = dfs[0][dfs[0]['Date'].dt.year == 2021].groupby('CustomerNo')['TransactionNo'].nunique().sort_values(ascending=False).head(1)
result = {'type': 'dataframe', 'value': most_transactions_customer_2021}
```",1
What is the total quantity sold per product?,"```python
total_quantity_per_product = dfs[0].groupby('ProductNo')['Quantity'].sum().sort_values(ascending=False)
result = {'type': 'dataframe', 'value': total_quantity_per_product}
```",1
What is the average revenue generated per product?,"```python
average_revenue_per_product = dfs[0].groupby('ProductNo')['Revenue'].mean().sort_values(ascending=False)
result = {'type': 'dataframe', 'value': average_revenue_per_product}
```",1
What is the total number of transactions on weekends?,"```python
weekend_transactions = dfs[0][dfs[0]['Date'].dt.weekday >= 5]['TransactionNo'].nunique()
result = {'type': 'number', 'value': weekend_transactions}
```",1
Which month had the most sales by quantity?,"```python
month_most_sales_quantity = dfs[0].groupby(dfs[0]['Date'].dt.month)['Quantity'].sum().sort_values(ascending=False).head(1)
result = {'type': 'dataframe', 'value': month_most_sales_quantity}
```",1
Plot the number of unique products sold each quarter.,"```python
import matplotlib.pyplot as plt
unique_products_per_quarter = dfs[0].resample('Q', on='Date')['ProductNo'].nunique()
plt.figure(figsize=(10, 6))
unique_products_per_quarter.plot(kind='bar')
plt.title('Number of Unique Products Sold Each Quarter')
plt.xticks(rotation=45, ha='right', fontsize=6)
plt.savefig('unique_products_per_quarter.png')
result = {'type': 'plot', 'value': 'unique_products_per_quarter.png'}
```",1
Which country had the most customers in 2020?,"```python
customers_in_2020 = dfs[0][dfs[0]['Date'].dt.year == 2020].groupby('Country')['CustomerNo'].nunique().sort_values(ascending=False).head(1)
result = {'type': 'dataframe', 'value': customers_in_2020}
```",1
What is the total revenue for each country by month?,"```python
revenue_by_country_month = dfs[0].groupby([dfs[0]['Country'], dfs[0]['Date'].dt.month])['Revenue'].sum().unstack().fillna(0)
result = {'type': 'dataframe', 'value': revenue_by_country_month}
```",1
How many products were sold by each customer in 2021?,"```python
products_sold_per_customer_2021 = dfs[0][dfs[0]['Date'].dt.year == 2021].groupby('CustomerNo')['Quantity'].sum().sort_values(ascending=False)
result = {'type': 'dataframe', 'value': products_sold_per_customer_2021}
```",1
What is the total quantity sold for each product in the last quarter of 2020?,"```python
quantity_sold_q4_2020 = dfs[0][(dfs[0]['Date'].dt.year == 2020) & (dfs[0]['Date'].dt.quarter == 4)].groupby('ProductNo')['Quantity'].sum()
result = {'type': 'dataframe', 'value': quantity_sold_q4_2020}
```",1
What is the total number of unique customers in each month?,"```python
unique_customers_per_month = dfs[0].groupby(dfs[0]['Date'].dt.month)['CustomerNo'].nunique()
result = {'type': 'dataframe', 'value': unique_customers_per_month}
```",1
Which product had the highest average price in 2021?,"```python
highest_avg_price_product_2021 = dfs[0][dfs[0]['Date'].dt.year == 2021].groupby('ProductNo')['Price'].mean().sort_values(ascending=False).head(1)
result = {'type': 'dataframe', 'value': highest_avg_price_product_2021}
```",1
What is the total number of transactions for each product?,"```python
total_transactions_per_product = dfs[0].groupby('ProductNo')['TransactionNo'].nunique().sort_values(ascending=False)
result = {'type': 'dataframe', 'value': total_transactions_per_product}
```",1
What is the total revenue per product in 2021?,"```python
dfs[0]['Revenue'] = dfs[0]['Price'] * dfs[0]['Quantity']
revenue_per_product_2021 = dfs[0][dfs[0]['Date'].dt.year == 2021].groupby('ProductNo')['Revenue'].sum()
result = {'type': 'dataframe', 'value': revenue_per_product_2021}
```",1
How many unique customers made purchases in 2021?,"```python
unique_customers_2021 = dfs[0][dfs[0]['Date'].dt.year == 2021]['CustomerNo'].nunique()
result = {'type': 'number', 'value': unique_customers_2021}
```",1
Which country had the highest average transaction value?,"```python
avg_transaction_value_by_country = dfs[0].groupby('Country')['Price'].mean().sort_values(ascending=False).head(1)
result = {'type': 'dataframe', 'value': avg_transaction_value_by_country}
```",1
What is the total number of products sold on weekdays?,"```python
weekdays_products_sold = dfs[0][dfs[0]['Date'].dt.weekday < 5]['Quantity'].sum()
result = {'type': 'number', 'value': weekdays_products_sold}
```",1
What is the total revenue generated from repeat customers?,"```python
dfs[0]['Revenue'] = dfs[0]['Price'] * dfs[0]['Quantity']
repeat_customers_revenue = dfs[0].groupby('CustomerNo')['Revenue'].sum().sort_values(ascending=False)
result = {'type': 'dataframe', 'value': repeat_customers_revenue}
```",1
How many transactions occurred each month in 2021?,"```python
transactions_by_month_2021 = dfs[0][dfs[0]['Date'].dt.year == 2021].groupby(dfs[0]['Date'].dt.month)['TransactionNo'].nunique()
result = {'type': 'dataframe', 'value': transactions_by_month_2021}
```",1
Which product had the highest quantity sold in 2020?,"```python
highest_quantity_product_2020 = dfs[0][dfs[0]['Date'].dt.year == 2020].groupby('ProductNo')['Quantity'].sum().sort_values(ascending=False).head(1)
result = {'type': 'dataframe', 'value': highest_quantity_product_2020}
```",1
What is the total revenue generated from new customers?,"```python
new_customers_revenue = dfs[0].groupby('CustomerNo')['Revenue'].sum().sort_values(ascending=False)
result = {'type': 'dataframe', 'value': new_customers_revenue}
```",1
What is the median revenue per transaction?,"```python
median_revenue_per_transaction = dfs[0].groupby('TransactionNo')['Revenue'].median()
result = {'type': 'dataframe', 'value': median_revenue_per_transaction}
```",1
How many transactions occurred on weekends?,"```python
weekend_transactions = dfs[0][dfs[0]['Date'].dt.weekday >= 5]['TransactionNo'].nunique()
result = {'type': 'number', 'value': weekend_transactions}
```",1
Plot the total revenue generated by each product in 2021.,"```python
import matplotlib.pyplot as plt

dfs[0]['Date'] = pd.to_datetime(dfs[0]['Date'], format='%m/%d/%Y')


data_2021 = dfs[0][dfs[0]['Date'].dt.year == 2021]


if not data_2021.empty:

    data_2021['Revenue'] = data_2021['Price'] * data_2021['Quantity']
    revenue_per_product_2021 = data_2021.groupby('ProductNo')['Revenue'].sum()


    plt.figure(figsize=(10, 6))
    revenue_per_product_2021.plot(kind='bar')
    plt.title('Total Revenue by Product in 2021')
    plt.xticks(rotation=45, ha='right', fontsize=6)
    plt.savefig('revenue_per_product_2021.png')
    result = {'type': 'plot', 'value': 'revenue_per_product_2021.png'}
else:
    print(""No transactions found for 2021."")
    result = {'type': 'string', 'value': 'No transactions found for 2021.'}
```",1
What is the highest revenue per customer in 2021?,"```python
highest_revenue_per_customer_2021 = dfs[0][dfs[0]['Date'].dt.year == 2021].groupby('CustomerNo')['Revenue'].sum().sort_values(ascending=False).head(1)
result = {'type': 'dataframe', 'value': highest_revenue_per_customer_2021}
```",1
What is the total number of transactions per month?,"```python
transactions_per_month = dfs[0].groupby(dfs[0]['Date'].dt.month)['TransactionNo'].nunique().sort_values(ascending=False)
result = {'type': 'dataframe', 'value': transactions_per_month}
```",1
What is the total revenue generated from top 5 products?,"```python
top_5_products_revenue = dfs[0].groupby('ProductNo')['Revenue'].sum().sort_values(ascending=False).head(5)
result = {'type': 'dataframe', 'value': top_5_products_revenue}
```",1
Which product had the highest price fluctuation in 2021?,"```python
price_fluctuation_product_2021 = dfs[0][dfs[0]['Date'].dt.year == 2021].groupby('ProductNo')['Price'].std().sort_values(ascending=False).head(1)
result = {'type': 'dataframe', 'value': price_fluctuation_product_2021}
```",1
How many unique products were sold per customer?,"```python
unique_products_per_customer = dfs[0].groupby('CustomerNo')['ProductNo'].nunique().sort_values(ascending=False)
result = {'type': 'dataframe', 'value': unique_products_per_customer}
```",1
What is the average transaction value for each country?,"```python
average_transaction_value_country = dfs[0].groupby('Country')['Revenue'].mean().sort_values(ascending=False)
result = {'type': 'dataframe', 'value': average_transaction_value_country}
```",1
What is the average number of products sold per transaction?,"```python
average_products_per_transaction = dfs[0].groupby('TransactionNo')['Quantity'].mean().sort_values(ascending=False)
result = {'type': 'dataframe', 'value': average_products_per_transaction}
```",1
Which month had the highest revenue in 2020?,"```python
highest_revenue_month_2020 = dfs[0][dfs[0]['Date'].dt.year == 2020].groupby(dfs[0]['Date'].dt.month)['Revenue'].sum().sort_values(ascending=False).head(1)
result = {'type': 'dataframe', 'value': highest_revenue_month_2020}
```",1
Plot the total number of transactions by each product.,"```python
import matplotlib.pyplot as plt
transactions_per_product = dfs[0].groupby('ProductNo')['TransactionNo'].nunique().sort_values(ascending=False)
plt.figure(figsize=(10, 6))
transactions_per_product.plot(kind='bar')
plt.title('Total Number of Transactions by Product')
plt.xticks(rotation=45, ha='right', fontsize=6)
plt.savefig('transactions_per_product.png')
result = {'type': 'plot', 'value': 'transactions_per_product.png'}
```",1
