Input,Output
Filter rows where Component is kernel and compare the PID values with com.apple.CDScheduler.,[{“Pandas”: “Filter rows where Component is kernel and compare the PID values with com.apple.CDScheduler.”}]
Summarize the dataset and then compare the total number of events for kernel and QQ components.,"[{“Pandas”: “Summarize the dataset.”}, {“Pandas”: “Compare the total number of events for kernel and QQ components.”}]"
"Group data by User and Component, then compare the average PID for both groups.","[{“Pandas”: “Group data by User and Component, then compare the average PID for both groups.”}]"
Filter the rows with EventId E252 and compare them to EventId E128 in terms of Content.,[{“Pandas”: “Filter the rows with EventId E252 and compare them to EventId E128 in terms of Content.”}]
Summarize the number of entries for each Component and compare the kernel and AirPort components.,"[{“Pandas”: “Summarize the number of entries for each Component.”}, {“Pandas”: “Compare the kernel and AirPort components.”}]"
Filter rows with PID greater than 1000 and compare the EventId distribution between kernel and QQ.,"[{“Pandas”: “Filter rows with PID greater than 1000.”}, {“Pandas”: “Compare the EventId distribution between kernel and QQ.”}]"
Group by EventTemplate and EventId and compare the occurrence of E323 with E216.,[{“Pandas”: “Group by EventTemplate and EventId and compare the occurrence of E323 with E216.”}]
Summarize the total number of EventId occurrences and compare the most frequent EventId between kernel and com.apple.CDScheduler.,"[{“Pandas”: “Summarize the total number of EventId occurrences.”}, {“Pandas”: “Compare the most frequent EventId between kernel and com.apple.CDScheduler.”}]"
Filter rows where Address is missing and compare the missing rows for kernel and QQ components.,[{“Pandas”: “Filter rows where Address is missing and compare the missing rows for kernel and QQ components.”}]
Compare the number of unique EventId values triggered by User calvisitor-10-105-160-95 with authorMacBook-Pro.,[{“Pandas”: “Compare the number of unique EventId values triggered by User calvisitor-10-105-160-95 with authorMacBook-Pro.”}]
Group by Datetime and compare the number of events logged at 09:00:55 and 09:02:26.,[{“Pandas”: “Group by Datetime and compare the number of events logged at 09:00:55 and 09:02:26.”}]
Filter the rows where Component is AirPort and compare the PID distribution for AirPort and kernel.,"[{“Pandas”: “Filter the rows where Component is AirPort.”}, {“Pandas”: “Compare the PID distribution for AirPort and kernel.”}]"
Summarize the dataset and compare the total number of rows with EventId E124 and E252.,"[{“Pandas”: “Summarize the dataset.”}, {“Pandas”: “Compare the total number of rows with EventId E124 and E252.”}]"
Group data by User and compare the number of events logged by calvisitor-10-105-160-95 and authorMacBook-Pro.,[{“Pandas”: “Group data by User and compare the number of events logged by calvisitor-10-105-160-95 and authorMacBook-Pro.”}]
Compare the Content values for EventId E323 and E216 and filter for rows with Address missing.,[{“Pandas”: “Compare the Content values for EventId E323 and E216 and filter for rows with Address missing.”}]
Plot the distribution of PID values and explain if there are any anomalies.,"[{“Pandas”: “Plot the distribution of PID values.”}, {“Explain”: “Explain if there are any anomalies.”}]"
Summarize the dataset and identify any missing values in the Address column.,"[{“Pandas”: “Summarize the dataset.”}, {“Pandas”: “Identify any missing values in the Address column.”}]"
Filter the rows where EventId is E323 and then plot the Component values.,[{“Pandas”: “Filter the rows where EventId is E323 and plot the Component values.”}]
"What anomalies exist in Datetime values, and how do they affect the analysis?","[{“Pandas”: “What anomalies exist in Datetime values?”}, {“Explain”: “How do they affect the analysis?”}]"
Plot the top 5 Users based on event frequency and explain the most common events they trigger.,"[{“Pandas”: “Plot the top 5 Users based on event frequency.”}, {“Explain”: “Explain the most common events they trigger.”}]"
What is the meaning of life and how many unique EventIds are there?,"[{“General”: “What is the meaning of life?”}, {“Pandas”: “How many unique EventIds are there?”}]"
Identify the top 3 components based on their event occurrences and summarize their activities.,"[{“Pandas”: “Identify the top 3 components based on their event occurrences.”}, {“Pandas”: “Summarize their activities.”}]"
"Filter the dataset for entries between 09:00 and 09:30, then explain what anomalies are present.","[{“Pandas”: “Filter the dataset for entries between 09:00 and 09:30.”}, {“Explain”: “Explain what anomalies are present.”}]"
What anomalies exist in the Content column and plot their distribution?,"[{“Pandas”: “What anomalies exist in the Content column?”}, {“Pandas”: “Plot their distribution.”}]"
"Summarize the most frequent EventTemplate values, then explain the role of these templates in the system.","[{“Pandas”: “Summarize the most frequent EventTemplate values.”}, {“Explain”: “Explain the role of these templates in the system.”}]"
"Filter the data by User, then count the number of EventIds for each User and plot it.","[{“Pandas”: “Filter the data by User, count the number of EventIds for each User, and plot it.”}]"
What is the purpose of the EventTemplate and EventId columns?,[{“Explain”: “What is the purpose of the EventTemplate and EventId columns?”}]
Plot the Datetime values and identify any outliers.,[{“Pandas”: “Plot the Datetime values and identify any outliers.”}]
Filter the data where PID is less than 100 and summarize the resulting entries.,[{“Pandas”: “Filter the data where PID is less than 100 and summarize the resulting entries.”}]
"What is the total number of rows in the dataset, and what is the capital of France?","[{“Pandas”: “What is the total number of rows in the dataset?”}, {“General”: “What is the capital of France?”}]"
"What is the most frequent User, and explain why this user has the highest number of events.","[{“Pandas”: “What is the most frequent User?”}, {“Explain”: “Explain why this user has the highest number of events.”}]"
Filter the dataset for EventId E216 and summarize the content of those entries.,"[{“Pandas”: “Filter the dataset for EventId E216.”}, {“Pandas”: “Summarize the content of those entries.”}]"
Explain the significance of kernel component in the dataset and plot its EventId occurrences.,"[{“Explain”: “Explain the significance of kernel component in the dataset.”}, {“Pandas”: “Plot its EventId occurrences.”}]"
"Identify the top 5 most frequent EventIds, summarize them, and explain their potential impact.","[{“Pandas”: “Identify the top 5 most frequent EventIds and summarize them.”}, {“Explain”: “Explain their potential impact.”}]"
Filter the data where the Component is kernel.,[{“Pandas”: “Filter the data where the Component is kernel.”}]
What is the most common EventId in the dataset?,[{“Pandas”: “Find the most common EventId in the dataset.”}]
Get the first 10 rows and explain the Content column.,"[{“Pandas”: “Get the first 10 rows.”}, {“Explain”: “Explain the Content column.”}]"
Filter the rows where PID is greater than 1000 and explain the Component values.,"[{“Pandas”: “Filter the rows where PID is greater than 1000.”}, {“Explain”: “Explain the Component values.”}]"
Sort the data by Time and get the unique User values.,[{“Pandas”: “Sort the data by Time and get the unique User values.”}]
How many unique EventTemplates are there?,[{“Pandas”: “Count the number of unique EventTemplates.”}]
Find all entries where the User is authorMacBook-Pro and explain what EventId E124 means.,"[{“Pandas”: “Find all entries where the User is authorMacBook-Pro.”}, {“Explain”: “Explain what EventId E124 means.”}]"
Filter the data for events happening after 09:01:00 and plot the distribution of EventId.,[{“Pandas”: “Filter the data for events happening after 09:01:00 and plot the distribution of EventId.”}]
"Group the data by Component and EventId, then calculate the average PID value.","[{“Pandas”: “Group the data by Component and EventId, then calculate the average PID value.”}]"
Get all rows with missing Address values and explain why Address might be missing.,"[{“Pandas”: “Get all rows with missing Address values.”}, {“Explain”: “Explain why Address might be missing.”}]"
What is the meaning of life and how many rows are in the dataset? Summarize the dataset in terms of overall structure. Filter the rows where Component is kernel and count the occurrences. Are there any anomalies present across the entire dataset? Explain why some Address values might be missing in the dataset.,"[{""General"": ""What is the meaning of life?""}, {""Pandas"": ""How many rows are in the dataset?""}, {""Pandas"": ""Summarize the dataset in terms of overall structure.""}, {""Pandas"": ""Are there any anomalies present across the entire dataset?""}, {""Explain"": ""Explain why some Address values might be missing in the dataset.""}]"
"Please analyze the dataset by identifying the total number of unique EventIds, providing a summary of event frequencies, examining the PID distribution for EventId E252, detecting anomalies in the Content column, and explaining the significance of EventId E128, while also noting that Paris is the capital of France.","[{""Pandas"": ""Identify the total number of unique EventIds.""}, {""Pandas"": ""Provide a summary of event frequencies.""}, {""Pandas"": ""Examine the PID distribution for EventId E252.""}, {""Pandas"": ""Detect anomalies in the Content column.""}, {""Explain"": ""Explain the significance of EventId E128.""},{""General"": ""Paris is the capital of France.""}]"
"First, please provide a summary of the dataset, focusing on the distribution of EventIds. Then, identify the top 3 most frequent Components and compare their PID values. After that, detect any anomalies in the Datetime column, and finally, explain why EventId E323 occurs so frequently while also noting that the Earth revolves around the Sun.","[{""Pandas"": ""Provide a summary of the dataset, focusing on the distribution of EventIds.""}, {""Pandas"": ""Identify the top 3 most frequent Components and compare their PID values.""}, {""Pandas"": ""Detect any anomalies in the Datetime column.""}, {""Explain"": ""Explain why EventId E323 occurs so frequently.""}, {""General"": ""The Earth revolves around the Sun.""}]"
"Analyze the dataset by providing a summary of the most frequent EventTemplates, filter for EventId E252 and compare it with E216 in terms of PID values, detect any anomalies in the Address column, and explain the significance of Component kernel while also mentioning that gravity keeps us on the ground.","[{""Pandas"": ""Provide a summary of the most frequent EventTemplates.""}, {""Pandas"": ""Filter for EventId E252 and compare it with E216 in terms of PID values.""}, {""Pandas"": ""Detect any anomalies in the Address column.""}, {""Explain"": ""Explain the significance of Component 'kernel'.""}, {""General"": ""Gravity keeps us on the ground.""}]"
"Analyze the dataset what is the total number of missing Address values, filter the data where the Component is kernel and compare the average PID for both kernel and AirPort, detect any anomalies in the EventId distribution, and explain why EventId E128 is common in the dataset, and what is 2 + 2.","[{""Pandas"": ""What is the total number of missing Address values.""}, {""Pandas"": ""Filter the data where the Component is 'kernel' and compare the average PID for both kernel and AirPort.""}, {""Pandas"": ""Detect any anomalies in the EventId distribution.""}, {""Explain"": ""Explain why EventId E128 is common in the dataset.""}, {""General"": ""What 2 + 2 equals to.""}]"
"Start by summarizing the dataset, then plot the distribution of PID values, perform an anomalies analysis on the data","[{""Pandas"": ""Summarize the dataset.""}, {""Pandas"": ""Plot the distribution of PID values.""}, {""Pandas"": ""Perform an anomalies analysis on the data.""}]"
"Now give me an overview of the data, then plot the distribution of Users values what anomalies can be found in the data","[{""Pandas"": ""Give an overview of the data.""}, {""Pandas"": ""Plot the distribution of Users values.""}, {""Pandas"": ""What anomalies can be found in the data.""}]"
